{"temperature": 48.5625, "pressure": 1191.2333984375, "humidity": 64.32421875, "roll": 44.99764164792335, "pitch": 330.00157223471774, "yaw": 29.99842776528223, "x": -8, "y": 0, "mid": 7}